Date,Venue,Group,Participants,Volunteers,"CO2 (kg)","Weight (kg)",Fixed,Repairable,Dead,"Hours Volunteered"
12/04/2019,"""Coggeshall Road, Colchester, UK""","""El Fabrika (Tunis) ""","""0""","""0""","""0""","""0""","""0""","""0""","""0""","""21"""
20/02/2019,"""01 U.S. 1, Blaine, ME, USA""","""Fixers' Collective""","""0""","""0""","""87.67""","""6.42""","""2""","""0""","""0""","""21"""
29/07/2018,"""Basildon University Hospital, Nether Mayne, Basildon, UK""","""Mightatey Restarters""","""0""","""3""","""0""","""0""","""0""","""0""","""0""","""18"""
12/07/2018,"""Coggeshall, Colchester, UK""","""Restart HQ""","""2""","""0""","""0""","""0""","""0""","""0""","""0""","""21"""
04/07/2018,"""Coggeshall, Colchester, UK""","""The Mighty Restarters""","""0""","""0""","""2082.23""","""212.06""","""37""","""8""","""6""","""21"""
04/07/2018,"""39 Stoneham Street, Alliston, ON, Canada""","""The Mighty Restarters""","""0""","""0""","""1023.33""","""64.52""","""11""","""6""","""2""","""21"""
17/05/2018,"""essex""","""Restarters East London""","""0""","""3""","""0""","""0""","""0""","""0""","""0""","""18"""
08/05/2018,"""london""","""Restart HQ""","""0""","""1""","""0""","""0""","""0""","""0""","""0""","""12"""
27/04/2018,"""bermondsey""","""Restart HQ""","""0""","""1""","""0""","""0""","""0""","""0""","""0""","""12"""
24/04/2018,"""The Federation, Manchester""","""Restart HQ""","""0""","""1""","""0""","""0""","""0""","""0""","""0""","""12"""
17/04/2018,"""N4 3HF""","""Restart HQ""","""0""","""1""","""0""","""0""","""0""","""0""","""0""","""12"""
11/04/2018,"""Buckingham Palace""","""Restart HQ""","""0""","""1""","""0""","""0""","""0""","""0""","""0""","""12"""
22/03/2018,"""o2""","""Restarters Zürich""","""0""","""2""","""0""","""0""","""0""","""0""","""0""","""15"""
09/03/2018,"""North Street, YO1 6JD""","""Restart HQ""","""10""","""2""","""0""","""0""","""0""","""2""","""1""","""15"""
28/02/2018,"""1901 Russell Street, Berkeley CA USA""","""Restart HQ""","""40""","""22""","""377.3""","""24.16""","""3""","""1""","""0""","""75"""
20/02/2018,"""149 Fonthill Road""","""Restart HQ""","""0""","""2""","""0""","""0""","""0""","""0""","""0""","""15"""
20/01/2018,"""Queens Park Arts Centre HP21 7RT""","""Restarters Aylesbury""","""0""","""1""","""0""","""0""","""0""","""0""","""0""","""12"""
09/12/2017,"""Leicester, UK""","""Leicester Fixers""","""4""","""1""","""353.6""","""20.31""","""4""","""33""","""0""","""12"""
09/12/2017,"""Southwark""","""Restart the Capital ""","""0""","""5""","""0""","""0""","""0""","""0""","""0""","""24"""
02/12/2017,"""Merton""","""Restart the Capital ""","""0""","""1""","""0""","""0""","""0""","""0""","""0""","""12"""
29/11/2017,"""Hackney""","""Restart the Capital ""","""0""","""1""","""0""","""0""","""0""","""0""","""0""","""12"""
25/11/2017,"""Barking and Dagenham""","""Restart the Capital ""","""0""","""4""","""0""","""0""","""0""","""0""","""0""","""21"""
25/11/2017,"""Brentford""","""Brentford Recycling Action Group ""","""0""","""1""","""0""","""0""","""0""","""0""","""0""","""12"""
18/11/2017,"""1000 University Avenue, Berkeley CA USA""","""Restart HQ""","""30""","""10""","""538.66""","""37.85""","""9""","""3""","""3""","""39"""
18/11/2017,"""Abbey Community Centre""","""Restarters Kilburn""","""0""","""1""","""0""","""0""","""0""","""0""","""0""","""12"""
18/11/2017,"""City of London""","""Restart the Capital ""","""0""","""1""","""0""","""0""","""0""","""0""","""0""","""12"""
18/11/2017,"""Cascina Cuccagna""","""Restarters Milano""","""0""","""1""","""0""","""0""","""0""","""0""","""0""","""12"""
18/11/2017,"""Cittadella dei Giovani""","""Restarters Aosta""","""0""","""1""","""0""","""0""","""0""","""0""","""0""","""12"""
15/11/2017,"""Nottingham""","""Nottingham Fixers""","""0""","""1""","""0""","""0""","""0""","""0""","""0""","""12"""
11/11/2017,"""Leicester Hackspace""","""Leicester Fixers""","""0""","""1""","""0""","""0""","""0""","""0""","""0""","""12"""
11/11/2017,"""Bexley""","""Restart the Capital ""","""0""","""1""","""0""","""0""","""0""","""0""","""0""","""12"""
11/11/2017,"""Bra""","""Restarters LangheRoero""","""0""","""3""","""0""","""0""","""0""","""0""","""0""","""18"""
11/11/2017,"""Cambridge""","""Cambridge Area Repair Cafes""","""144""","""4""","""0""","""0""","""1""","""4""","""3""","""21"""
04/11/2017,"""Ruislip""","""Restarters West London""","""0""","""3""","""0""","""0""","""0""","""0""","""0""","""18"""
04/11/2017,"""Chingford""","""Restart the Capital ""","""2""","""1""","""0""","""0""","""0""","""0""","""0""","""12"""
04/11/2017,"""Florence ""","""Restarters Firenze""","""0""","""2""","""0""","""0""","""0""","""0""","""0""","""15"""
28/10/2017,"""Homerton""","""Hackney Fixers""","""0""","""1""","""0""","""0""","""0""","""0""","""0""","""12"""
28/10/2017,"""Milan, viale Palmanova 59""","""Restarters Milano""","""9""","""5""","""288.24""","""25.57""","""8""","""1""","""2""","""24"""
28/10/2017,"""Abington""","""Cambridge Area Repair Cafes""","""0""","""1""","""0""","""0""","""0""","""0""","""0""","""12"""
25/10/2017,"""Camden""","""Restart HQ""","""0""","""13""","""0""","""0""","""0""","""0""","""0""","""48"""
25/10/2017,"""Polytechnique Montréal""","""Insertech (Montreal)""","""0""","""1""","""0""","""0""","""0""","""0""","""0""","""12"""
22/10/2017,"""Insertech - 4820, rue Molson""","""Insertech (Montreal)""","""0""","""1""","""0""","""0""","""0""","""0""","""0""","""12"""
21/10/2017,"""Tooting""","""Restart HQ""","""19""","""4""","""87.94""","""10.96""","""4""","""5""","""5""","""21"""
21/10/2017,"""Leytonstone ""","""Sponsored events""","""34""","""5""","""324.92""","""37.7""","""17""","""14""","""6""","""24"""
21/10/2017,"""DMU Queens Building""","""Leicester Fixers""","""6""","""3""","""31.35""","""8.32""","""2""","""2""","""1""","""18"""
21/10/2017,"""Cottenham""","""Cambridge Area Repair Cafes""","""0""","""4""","""0""","""0""","""0""","""0""","""0""","""21"""
18/10/2017,"""Llangollen""","""Restarters Llangollen""","""0""","""2""","""0""","""0""","""0""","""0""","""0""","""15"""
14/10/2017,"""Kingston""","""Restart the Capital ""","""8""","""3""","""133.75""","""3.67""","""4""","""4""","""1""","""18"""
07/10/2017,"""Museum of London""","""Restart HQ""","""20""","""12""","""2191.59""","""167.91""","""14""","""7""","""3""","""45"""
01/10/2017,"""Vezza d'Alba ""","""Restarters LangheRoero""","""0""","""1""","""292.95""","""8.79""","""4""","""1""","""3""","""12"""
01/10/2017,"""Shelford ""","""Cambridge Area Repair Cafes""","""0""","""1""","""0""","""0""","""0""","""0""","""0""","""12"""
30/09/2017,"""Westminster ""","""Restart the Capital ""","""28""","""5""","""813.57""","""24.85""","""13""","""10""","""5""","""24"""
30/09/2017,"""Histon""","""Cambridge Area Repair Cafes""","""0""","""1""","""0""","""0""","""0""","""0""","""0""","""12"""
26/09/2017,"""Richmond""","""Richmond Makerlabs""","""10""","""4""","""369.5""","""21.69""","""7""","""3""","""1""","""21"""
24/09/2017,"""Lingotto Fiere, Torino""","""Restarters Torino""","""3""","""4""","""35.82""","""0.28""","""2""","""0""","""1""","""21"""
23/09/2017,"""Stoke Newington""","""Hackney Fixers""","""38""","""7""","""420.12""","""50.61""","""14""","""15""","""9""","""30"""
23/09/2017,""" Chiesa Evangelica Metodista""","""Restarters Milano""","""16""","""8""","""323.38""","""36.92""","""9""","""0""","""0""","""33"""
23/09/2017,"""Centro anziani di Villa Bracci""","""Restarters Firenze""","""0""","""2""","""0""","""0""","""0""","""0""","""0""","""15"""
23/09/2017,"""Basingstoke""","""Sponsored events ex-London""","""12""","""3""","""510.12""","""45.72""","""13""","""1""","""2""","""18"""
16/09/2017,"""Leytonstone""","""Sponsored events""","""49""","""11""","""538.36""","""63.77""","""22""","""12""","""9""","""42"""
09/09/2017,"""Kingsgate Community Centre, Kilburn""","""Restarters Kilburn""","""21""","""6""","""289.2""","""40.5""","""3""","""16""","""5""","""27"""
09/09/2017,"""Tower Hamlets""","""Restart the Capital ""","""19""","""4""","""497.23""","""21.1""","""8""","""10""","""3""","""21"""
03/09/2017,"""Grünerløkka bibliotek""","""Restarters Oslo""","""51""","""11""","""358.03""","""48.09""","""20""","""14""","""13""","""42"""
02/09/2017,"""Sabadell""","""Restarters Barcelona""","""0""","""3""","""0""","""0""","""0""","""0""","""0""","""18"""
29/08/2017,"""Maison du développement durable ""","""Insertech (Montreal)""","""40""","""9""","""2520""","""48.73""","""21""","""14""","""7""","""36"""
12/08/2017,"""ÉCOSPHÈRE - Hangar 16, Vieux-Port de Montréal""","""Insertech (Montreal)""","""30""","""9""","""1269.89""","""21.36""","""11""","""6""","""3""","""36"""
05/08/2017,"""Agronomía""","""Club de Reparadores""","""75""","""14""","""238.8""","""44.22""","""18""","""4""","""4""","""51"""
02/08/2017,"""FabLab Limerick""","""Restarters Limerick""","""6""","""2""","""89.55""","""0.7""","""5""","""1""","""0""","""15"""
22/07/2017,"""Queens Park Arts Centre""","""Restarters Aylesbury""","""50""","""8""","""7813.02""","""877.33""","""24""","""16""","""3""","""33"""
22/07/2017,"""Mind Andover""","""Sponsored events ex-London""","""14""","""5""","""268.09""","""34.62""","""8""","""2""","""1""","""24"""
19/07/2017,"""Tooting""","""Restart HQ""","""15""","""4""","""67.97""","""11.06""","""3""","""4""","""2""","""21"""
15/07/2017,"""Leytonstone""","""Sponsored events""","""30""","""8""","""939.2""","""101.27""","""21""","""5""","""2""","""33"""
09/07/2017,"""Giardini Zamenhof""","""Restarters Torino""","""6""","""3""","""161.4""","""2.76""","""1""","""2""","""3""","""18"""
04/07/2017,"""Archer Academy""","""Restart HQ""","""0""","""12""","""0""","""0""","""0""","""0""","""0""","""45"""
04/07/2017,"""Uxbridge""","""Restarters West London""","""0""","""3""","""0""","""0""","""0""","""0""","""0""","""18"""
01/07/2017,"""Comunes - Centro Cultural Matienzo""","""Club de Reparadores""","""38""","""1""","""360.7""","""60.63""","""28""","""0""","""9""","""12"""
30/06/2017,"""corso palestro 14G Italy""","""Restarters Torino""","""15""","""14""","""2282.63""","""96.51""","""20""","""4""","""1""","""51"""
24/06/2017,"""London Fields""","""Hackney Fixers""","""57""","""6""","""826.01""","""51.82""","""15""","""20""","""8""","""27"""
24/06/2017,"""CeDEL Barrio 31""","""Club de Reparadores""","""45""","""1""","""1675.35""","""58""","""43""","""0""","""13""","""12"""
18/06/2017,"""Sinio, CN, Italia""","""Restarters LangheRoero""","""8""","""5""","""37.25""","""3.14""","""5""","""1""","""2""","""24"""
17/06/2017,"""Leytonstone""","""Sponsored events""","""50""","""14""","""382.72""","""42.57""","""23""","""12""","""8""","""51"""
17/06/2017,"""Leicester Hackspace ""","""Leicester Fixers""","""6""","""4""","""72.09""","""14.79""","""3""","""1""","""1""","""21"""
17/06/2017,"""Barcelona Espai Fontana""","""Restarters Barcelona""","""0""","""1""","""111.25""","""21.87""","""4""","""1""","""0""","""12"""
17/06/2017,"""Torshovdalen aktivitetshus""","""Restarters Oslo""","""0""","""8""","""0""","""0""","""0""","""0""","""0""","""33"""
15/06/2017,"""Brenneriveien 9c, 0182 Oslo, Norway""","""Restarters Oslo""","""45""","""10""","""608.88""","""41.41""","""20""","""10""","""12""","""39"""
12/06/2017,"""Kentish Town Community Centre""","""Restart HQ""","""0""","""12""","""0""","""0""","""0""","""0""","""0""","""45"""
10/06/2017,"""Turin""","""Restarters Torino""","""5""","""3""","""161.4""","""2.76""","""1""","""0""","""0""","""18"""
10/06/2017,"""Milano - via Agordat""","""Restarters Milano""","""24""","""9""","""107.03""","""12.49""","""5""","""5""","""3""","""36"""
10/06/2017,"""Piazzale dei Marmi, 57126 Livorno""","""Restarters Firenze""","""1""","""6""","""17.91""","""0.14""","""1""","""0""","""0""","""27"""
10/06/2017,"""BORRAR / DELETE""","""Restarters Barcelona""","""0""","""3""","""0""","""0""","""0""","""0""","""0""","""18"""
10/06/2017,"""Portal Ambiental Villa 20""","""Club de Reparadores""","""35""","""1""","""345.68""","""61""","""9""","""0""","""9""","""12"""
04/06/2017,"""London - Bankside""","""Restart HQ""","""0""","""12""","""0""","""0""","""0""","""0""","""0""","""45"""
03/06/2017,"""CheLA""","""Club de Reparadores""","""58""","""1""","""507.03""","""76.4""","""25""","""0""","""5""","""12"""
28/05/2017,"""Feria de Comsumo Responsable""","""Club de Reparadores""","""30""","""1""","""302.02""","""69.18""","""15""","""0""","""7""","""12"""
24/05/2017,"""Kilburn - Abbey Community Centre""","""Restarters Kilburn""","""24""","""10""","""392.59""","""33.51""","""12""","""9""","""12""","""39"""
20/05/2017,"""Leytonstone""","""Sponsored events""","""44""","""10""","""739.1""","""67.84""","""18""","""13""","""15""","""39"""
20/05/2017,"""C.so Palestro 14/g [Torino]""","""Restarters Torino""","""15""","""10""","""92.05""","""14.46""","""6""","""0""","""0""","""39"""
18/05/2017,"""Archer Academy""","""Restart @ Archer Academy""","""12""","""3""","""0""","""0""","""0""","""0""","""0""","""18"""
17/05/2017,"""CAFÉ LE 5ÈME - 290 rue de la Montagne, Montréal (Québec) H3C 2B1 Canada""","""Insertech (Montreal)""","""20""","""5""","""1244.94""","""32.51""","""10""","""2""","""0""","""24"""
14/05/2017,"""Turin""","""Restarters Torino""","""7""","""15""","""53.88""","""0.51""","""1""","""1""","""0""","""54"""
13/05/2017,""" Via di Montughi, 1, 50134 Firenze""","""Restarters Firenze""","""10""","""8""","""287.8""","""32.84""","""8""","""1""","""0""","""33"""
11/05/2017,"""Archer Academy""","""Restart @ Archer Academy""","""10""","""1""","""645.63""","""11.3""","""5""","""0""","""0""","""12"""
10/05/2017,"""33 Central Park West, New York, NY 10023""","""Restart Center ECFS""","""6""","""27""","""3486.38""","""61.02""","""27""","""0""","""0""","""90"""
09/05/2017,"""Brixton Pound Café""","""Restart HQ""","""21""","""6""","""190.52""","""27.9""","""6""","""8""","""1""","""27"""
08/05/2017,"""Cittadella dei Giovani - Aosta via Garibaldi 7""","""Restarters Aosta""","""10""","""9""","""85.4""","""13.64""","""7""","""5""","""2""","""36"""
06/05/2017,"""Leicester""","""Leicester Fixers""","""10""","""6""","""231.95""","""19.06""","""4""","""2""","""1""","""27"""
06/05/2017,"""Westedals, Oslo""","""Restarters Oslo""","""30""","""14""","""598.17""","""28.71""","""16""","""11""","""4""","""51"""
03/05/2017,"""Limerick""","""Restarters Limerick""","""10""","""3""","""179.1""","""1.4""","""10""","""0""","""0""","""18"""
01/05/2017,"""3901 Fieldston Road, Bronx, NY 10471""","""Restart Center ECFS""","""17""","""17""","""393.62""","""4.75""","""17""","""0""","""0""","""60"""
22/04/2017,"""Leytonstone Restart Party""","""Sponsored events""","""41""","""7""","""313.28""","""37.13""","""16""","""13""","""13""","""30"""
22/04/2017,"""Turin Restart Party""","""Restarters Torino""","""4""","""15""","""152.98""","""9.31""","""2""","""0""","""1""","""54"""
22/04/2017,"""Via delle Caldaie, 18, 50125 Firenze""","""Restarters Firenze""","""5""","""8""","""62.48""","""4.68""","""5""","""2""","""0""","""33"""
19/04/2017,"""INSERTECH - 2600 rue William-Tremblay, Montréal, QC, H1Y 3J2""","""Insertech (Montreal)""","""104""","""20""","""8309.47""","""234.32""","""58""","""29""","""16""","""69"""
19/04/2017,"""University of Limerick""","""Restarters Limerick""","""11""","""3""","""197.01""","""1.54""","""11""","""0""","""0""","""18"""
13/04/2017,"""Belsize Park Restart Party ""","""Restart HQ""","""0""","""11""","""453.5""","""27.88""","""10""","""2""","""3""","""42"""
12/04/2017,"""GAZM - Montréal""","""Insertech (Montreal)""","""15""","""8""","""914.9""","""27.34""","""6""","""0""","""1""","""33"""
01/04/2017,"""Tooting Restart Party""","""Restart HQ""","""28""","""6""","""123.91""","""29.69""","""10""","""6""","""2""","""27"""
01/04/2017,"""3901 Fieldston Road, Bronx, NY 10471""","""Restart Center ECFS""","""8""","""8""","""254.5""","""3.24""","""8""","""0""","""0""","""33"""
01/04/2017,"""Piazza Etrusca, 5, 50061 Compiobbi (FI)""","""Restarters Firenze""","""10""","""8""","""131.01""","""24.34""","""7""","""1""","""2""","""33"""
30/03/2017,"""3901 Fieldston Road Bronx, NY ""","""Restart Center ECFS""","""9""","""9""","""272.41""","""3.38""","""9""","""0""","""0""","""36"""
29/03/2017,"""FACULTÉ DE L’AMÉNAGEMENT DE L’UNIVERSITÉ DE MONTRÉAL - 2940 Chemin de la Côte-Sainte-Catherine Montréal (QC) H3C 3J7""","""Insertech (Montreal)""","""35""","""8""","""2711.63""","""47.46""","""21""","""3""","""1""","""33"""
25/03/2017,"""Leicester Hackspace in the Innovation Centre on 49 Oxford St""","""Leicester Fixers""","""16""","""11""","""542.08""","""99.78""","""12""","""3""","""2""","""42"""
25/03/2017,"""Club Natural y Popular - Montevideo""","""Club de Reparadores""","""42""","""11""","""359.85""","""72.91""","""28""","""1""","""5""","""42"""
22/03/2017,"""Barcelona UPC ETSEIB""","""Restarters Barcelona""","""0""","""3""","""327.79""","""30.86""","""4""","""5""","""5""","""18"""
19/03/2017,"""Bankside Restart Party""","""Restart HQ""","""22""","""11""","""24.47""","""4.97""","""3""","""6""","""2""","""42"""
18/03/2017,"""Shoreditch Library""","""Hackney Fixers""","""33""","""10""","""805.09""","""52.31""","""16""","""21""","""3""","""39"""
18/03/2017,"""Ickenham Restart Party""","""Restarters West London""","""0""","""3""","""0""","""0""","""0""","""0""","""0""","""18"""
11/03/2017,"""Fieramilanocity,  padiglioni 3 e 4, via Colleoni, GATE 4""","""Restarters Milano""","""6""","""8""","""35.03""","""2.76""","""4""","""0""","""2""","""33"""
08/03/2017,"""Basil Jellicoe Hall, Euston""","""Restart HQ""","""14""","""7""","""495.96""","""17.31""","""5""","""5""","""3""","""30"""
08/03/2017,"""ESPLANADE - 6750, avenue de l’Esplanade, bureau 102 Montréal (QC) H2V 4M1""","""Insertech (Montreal)""","""25""","""8""","""516.5""","""9.04""","""4""","""5""","""1""","""33"""
04/03/2017,"""Furuset bibliotek og aktivitetshus""","""Restarters Oslo""","""30""","""11""","""481.02""","""22.61""","""13""","""9""","""5""","""42"""
02/03/2017,"""London School of Economics""","""Sponsored events""","""15""","""5""","""792.66""","""13.7""","""9""","""6""","""1""","""24"""
28/02/2017,"""Honour Oak Pub""","""Restart HQ""","""0""","""10""","""145.15""","""3.94""","""4""","""1""","""0""","""39"""
28/02/2017,"""Barcelona Mobile Social Congress 2017""","""Restarters Barcelona""","""0""","""1""","""0""","""0""","""0""","""0""","""0""","""12"""
27/02/2017,"""Kentish Town Community Centre""","""Restart HQ""","""16""","""8""","""136.54""","""21.44""","""10""","""9""","""0""","""33"""
23/02/2017,"""COLLÈGE VILLE-MARIE, rue Sherbrooke Est""","""Insertech (Montreal)""","""33""","""13""","""2106.09""","""45.85""","""19""","""11""","""3""","""48"""
11/02/2017,"""Ilford Salvation Army""","""Restarters East London""","""16""","""9""","""707.84""","""25.75""","""9""","""6""","""4""","""36"""
11/02/2017,"""Curious Garden, La Floresta""","""Restarters Barcelona""","""0""","""3""","""171.11""","""11.31""","""3""","""6""","""3""","""18"""
05/02/2017,"""The Goodlife Centre, Bankside""","""Restart HQ""","""0""","""8""","""152.59""","""19.42""","""6""","""13""","""1""","""33"""
04/02/2017,"""Turin""","""Restarters Torino""","""0""","""1""","""0""","""0""","""0""","""0""","""0""","""12"""
04/02/2017,"""Viale Guidoni, 170/172, 50127 Firenze""","""Restarters Firenze""","""19""","""9""","""622.92""","""64.92""","""13""","""1""","""0""","""36"""
02/02/2017,"""ÉTS - 1100, rue Notre-Dame Ouest""","""Insertech (Montreal)""","""15""","""5""","""570.38""","""9.55""","""5""","""11""","""0""","""24"""
31/01/2017,"""3901 Fieldston Road Bronx, NY ""","""Restart Center ECFS""","""8""","""8""","""143.28""","""1.12""","""8""","""0""","""0""","""33"""
28/01/2017,"""Brentwood Restart Party""","""Sponsored events""","""21""","""8""","""288.59""","""45.65""","""21""","""19""","""6""","""33"""
28/01/2017,"""Leicester Hackspace - Innovation Centre on 49 Oxford St""","""Leicester Fixers""","""7""","""5""","""6.72""","""0.02""","""1""","""4""","""0""","""24"""
28/01/2017,"""The Redmond Centre, Manor House""","""Hackney Fixers""","""45""","""6""","""752.52""","""47.22""","""19""","""28""","""2""","""27"""
28/01/2017,"""Piazza della Libertà, 12, 50129 Firenze""","""Restarters Firenze""","""22""","""10""","""743.34""","""49.22""","""15""","""2""","""3""","""39"""
28/01/2017,"""Deichmanske Hovedbibliotek""","""Restarters Oslo""","""50""","""22""","""1234.86""","""63.5""","""24""","""16""","""7""","""75"""
17/01/2017,"""Heath Street Baptist Church, Hampstead""","""Restart HQ""","""18""","""8""","""295.66""","""10.92""","""5""","""9""","""3""","""33"""
14/01/2017,"""YATTA! Viale Pasubio, 12-16""","""Restarters Milano""","""15""","""8""","""453.46""","""33.04""","""12""","""2""","""3""","""33"""
31/12/2016,"""3901 Fieldston Road Bronx, NY ""","""Restart Center ECFS""","""5""","""5""","""311.98""","""4.94""","""5""","""0""","""0""","""24"""
18/12/2016,"""Via Fratelli Carli, 75, 50065 Pontassieve (FI) ""","""Restarters Firenze""","""7""","""8""","""102.02""","""10.18""","""5""","""0""","""2""","""33"""
11/12/2016,"""Feria de Consumo Responsable""","""Club de Reparadores""","""32""","""1""","""418.87""","""96.05""","""18""","""0""","""9""","""12"""
10/12/2016,"""Leicester Hackspace""","""Leicester Fixers""","""7""","""6""","""53.02""","""5.36""","""3""","""4""","""0""","""27"""
08/12/2016,"""Viale del Visarno, 14, 50144 Firenze""","""Restarters Firenze""","""12""","""8""","""182.18""","""32.68""","""9""","""0""","""3""","""33"""
04/12/2016,"""Parque Tres de Febrero""","""Club de Reparadores""","""39""","""1""","""93.51""","""14.87""","""10""","""0""","""6""","""12"""
03/12/2016,"""Ilford - Fulwell Cross Library""","""Restarters East London""","""24""","""9""","""615.24""","""30.67""","""12""","""3""","""8""","""36"""
30/11/2016,"""3901 Fieldston Road Bronx, NY ""","""Restart Center ECFS""","""6""","""6""","""107.46""","""0.84""","""6""","""0""","""0""","""27"""
28/11/2016,"""Turin""","""Restarters Torino""","""0""","""1""","""0""","""0""","""0""","""0""","""0""","""12"""
26/11/2016,"""Golden Lane Community Centre, City of London""","""Restart the Capital ""","""34""","""9""","""1143.43""","""74.29""","""21""","""8""","""10""","""36"""
26/11/2016,"""Milan, via Cuccagna 2/4""","""Restarters Milano""","""10""","""6""","""222.47""","""35.82""","""12""","""0""","""2""","""27"""
26/11/2016,"""Via Aretina, 246/A/B, 50065 Sieci (FI)""","""Restarters Firenze""","""8""","""8""","""855.58""","""85.22""","""12""","""0""","""0""","""33"""
26/11/2016,"""Festival de Innovación Social - Montevideo""","""Club de Reparadores""","""34""","""10""","""247.8""","""40.22""","""10""","""0""","""3""","""39"""
24/11/2016,"""Dagenham""","""Restarters East London""","""23""","""9""","""786.59""","""16.55""","""12""","""4""","""7""","""36"""
23/11/2016,"""Woolwich, The Barnfield Hub""","""Restart the Capital ""","""11""","""6""","""657.11""","""12.47""","""11""","""2""","""4""","""27"""
22/11/2016,"""City Hall, Queen's Walk, London, E1 2AA""","""Restart the Capital ""","""9""","""5""","""153.02""","""2.49""","""5""","""4""","""2""","""24"""
20/11/2016,"""Parque Centenario""","""Club de Reparadores""","""66""","""1""","""221.48""","""39.96""","""19""","""1""","""12""","""12"""
19/11/2016,"""Homerton Library""","""Hackney Fixers""","""35""","""5""","""874.46""","""49.65""","""12""","""21""","""5""","""24"""
19/11/2016,"""Merton ""","""Restart the Capital ""","""12""","""5""","""589.9""","""11.88""","""6""","""4""","""1""","""24"""
19/11/2016,"""Boedo Odd CG""","""Club de Reparadores""","""34""","""1""","""722.44""","""46.34""","""35""","""0""","""5""","""12"""
16/11/2016,"""Havering, Romford Baptist Church""","""Restart the Capital ""","""20""","""6""","""187.07""","""24.14""","""9""","""6""","""5""","""27"""
13/11/2016,"""Sentralen""","""Restarters Oslo""","""40""","""18""","""802.52""","""48.09""","""27""","""8""","""5""","""63"""
12/11/2016,"""Tooting, Mushkil Aasaan""","""Restart the Capital ""","""35""","""5""","""387.55""","""28.1""","""7""","""9""","""4""","""24"""
12/11/2016,"""Palermo""","""Club de Reparadores""","""29""","""1""","""250.6""","""38.79""","""32""","""3""","""10""","""12"""
09/11/2016,"""Sutton Central Library, Sutton ""","""Restart the Capital ""","""10""","""4""","""87.75""","""13.4""","""2""","""1""","""0""","""21"""
05/11/2016,"""Westminster, Abbey Centre""","""Restart the Capital ""","""24""","""7""","""1059.19""","""43.11""","""15""","""4""","""3""","""30"""
04/11/2016,"""legislatura porteña""","""Club de Reparadores""","""49""","""1""","""177.85""","""26.25""","""9""","""0""","""2""","""12"""
02/11/2016,"""Canning Town Library""","""Restart the Capital ""","""16""","""1""","""317.86""","""14.55""","""6""","""6""","""2""","""12"""
02/11/2016,"""Lindeberglokalet""","""Restarters Oslo""","""8""","""5""","""159.54""","""3.4""","""3""","""3""","""1""","""24"""
31/10/2016,"""3901 Fieldston Road Bronx, NY ""","""Restart Center ECFS""","""7""","""7""","""236.59""","""3.1""","""7""","""0""","""0""","""30"""
29/10/2016,"""Leicester Hackspace""","""Leicester Fixers""","""6""","""7""","""161.4""","""2.76""","""1""","""5""","""1""","""30"""
29/10/2016,"""Walthamstow, Priory Court Community Centre""","""Restart the Capital ""","""16""","""8""","""292.28""","""24.08""","""7""","""6""","""4""","""33"""
29/10/2016,"""Zürich""","""Restarters Zürich""","""0""","""1""","""0""","""0""","""0""","""0""","""0""","""12"""
26/10/2016,"""Croydon, Bernard Weatherill House""","""Restart the Capital ""","""6""","""4""","""129.13""","""2.26""","""1""","""3""","""3""","""21"""
22/10/2016,"""Islington, Finsbury Library""","""Restart the Capital ""","""30""","""6""","""1171.64""","""32.46""","""14""","""6""","""7""","""27"""
22/10/2016,"""Via Frà Diamante, 12/A, 50143 Firenze""","""Restarters Firenze""","""6""","""8""","""289.21""","""23.43""","""4""","""2""","""0""","""33"""
22/10/2016,"""BORRAR / DELETE""","""Restarters Barcelona""","""0""","""1""","""0""","""0""","""0""","""0""","""0""","""12"""
21/10/2016,"""ÉCO-QUARTIER ROSEMONT – LA PETITE-PATRIE - 5679,  rue Fullum, Montréal, Québec, H2G 2H6""","""Insertech (Montreal)""","""10""","""5""","""774.75""","""13.56""","""6""","""3""","""1""","""24"""
18/10/2016,"""Kingston, Richard Mayo Centre""","""Restart the Capital ""","""18""","""4""","""583.7""","""29.42""","""7""","""3""","""3""","""21"""
16/10/2016,"""Turin""","""Restarters Torino""","""0""","""1""","""0""","""0""","""0""","""0""","""0""","""12"""
15/10/2016,"""Waltham Abbey Library""","""Sponsored events""","""6""","""5""","""2.03""","""0.26""","""3""","""1""","""5""","""24"""
15/10/2016,"""Wembley, Yellow Pavilion""","""Restarters Kilburn""","""25""","""5""","""208.34""","""50.76""","""13""","""4""","""4""","""24"""
15/10/2016,"""Piazza P. Togliatti, 50018 Scandicci (FI)""","""Restarters Firenze""","""11""","""8""","""92.6""","""11.44""","""7""","""1""","""2""","""33"""
08/10/2016,"""Ruislip Manor Library""","""Restarters West London""","""13""","""6""","""34.83""","""4.38""","""9""","""5""","""6""","""27"""
08/10/2016,"""East Ham Library""","""Restarters East London""","""12""","""5""","""24.94""","""3.17""","""4""","""7""","""2""","""24"""
01/10/2016,"""Somerset House""","""Sponsored events""","""0""","""1""","""589.16""","""20.08""","""6""","""4""","""3""","""12"""
30/09/2016,"""3901 Fieldston Road Bronx, NY ""","""Restart Center ECFS""","""1""","""1""","""17.91""","""0.14""","""1""","""0""","""0""","""12"""
25/09/2016,"""Taller Humano - Tecnópolis""","""Club de Reparadores""","""35""","""9""","""324.83""","""72.67""","""12""","""0""","""2""","""36"""
24/09/2016,"""Via Enrico Forlanini, 1, 50127 Firenze""","""Restarters Firenze""","""12""","""9""","""150.4""","""27""","""4""","""0""","""2""","""36"""
22/09/2016,"""Camden Maiden Lane Estate""","""Restart HQ""","""18""","""4""","""163""","""6.67""","""5""","""4""","""3""","""21"""
17/09/2016,"""Leicester Hackspace""","""Leicester Fixers""","""12""","""7""","""169.3""","""5.46""","""2""","""4""","""0""","""30"""
17/09/2016,"""Stoke Newington Library""","""Hackney Fixers""","""33""","""10""","""785.42""","""51.57""","""16""","""20""","""5""","""39"""
17/09/2016,"""L'Anfiteatro Martesana, Milan""","""Restarters Milano""","""8""","""6""","""205.44""","""24.02""","""8""","""0""","""0""","""27"""
10/09/2016,"""Harold Hill Community Centre, Gooshays Drive, Romford""","""Restarters East London""","""23""","""5""","""384.82""","""46.45""","""14""","""9""","""6""","""24"""
28/08/2016,"""P.za Madama Cristina, Turin""","""Restarters Torino""","""2""","""4""","""6.5""","""0.15""","""1""","""1""","""0""","""21"""
28/08/2016,"""Monticello d'Alba, CN, Italia""","""Restarters LangheRoero""","""5""","""5""","""53.91""","""3.33""","""3""","""1""","""1""","""24"""
21/08/2016,"""Taller Humano-Tecnópolis""","""Club de Reparadores""","""32""","""9""","""243.35""","""50.4""","""7""","""0""","""7""","""36"""
09/08/2016,"""Tooting""","""Restart HQ""","""32""","""6""","""90.97""","""7.65""","""5""","""3""","""5""","""27"""
06/08/2016,"""Leicester Hackspace""","""Leicester Fixers""","""4""","""8""","""166.72""","""3.75""","""3""","""1""","""0""","""33"""
26/07/2016,"""Belsize Community Library""","""Restart HQ""","""35""","""9""","""543.73""","""33.49""","""11""","""7""","""3""","""36"""
16/07/2016,"""Turin""","""Restarters Torino""","""0""","""1""","""0""","""0""","""0""","""0""","""0""","""12"""
09/07/2016,"""Salvation Army, Clements Road, Ilford""","""Restarters East London""","""17""","""5""","""602.17""","""25.18""","""8""","""2""","""9""","""24"""
09/07/2016,"""Sure We Can (Brooklyn, NY)""","""Club de Reparadores""","""45""","""1""","""44.87""","""10.47""","""9""","""0""","""1""","""12"""
02/07/2016,"""Neti - Colegiales""","""Club de Reparadores""","""162""","""22""","""1276.31""","""203.9""","""70""","""0""","""12""","""75"""
26/06/2016,"""Bossolasco, CN, Italia""","""Restarters LangheRoero""","""3""","""6""","""31.21""","""2.98""","""2""","""1""","""0""","""27"""
25/06/2016,"""Leicester Hackspace ""","""Leicester Fixers""","""3""","""5""","""215.28""","""3.27""","""2""","""4""","""0""","""24"""
25/06/2016,"""Barking Learning Centre""","""Restarters East London""","""14""","""6""","""331.33""","""19.22""","""7""","""3""","""3""","""27"""
25/06/2016,"""LabCafe' via Scrosati 9, Lorenteggio""","""Restarters Milano""","""6""","""5""","""419.16""","""20.44""","""8""","""1""","""1""","""24"""
24/06/2016,"""Somerset House Utopia Fair""","""Restart HQ""","""57""","""10""","""295.43""","""9.2""","""10""","""4""","""1""","""39"""
21/06/2016,"""Tooting""","""Restart HQ""","""18""","""4""","""143.09""","""4.75""","""4""","""3""","""1""","""21"""
21/06/2016,"""Centro Cultural Matienzo - Villa Crespo""","""Club de Reparadores""","""60""","""10""","""177.32""","""33.48""","""19""","""0""","""6""","""39"""
20/06/2016,"""3901 Fieldston Road, Bronx, NY""","""Restart Center ECFS""","""4""","""8""","""215.13""","""3.18""","""4""","""0""","""0""","""33"""
12/06/2016,"""Turin""","""Restarters Torino""","""0""","""1""","""0""","""0""","""0""","""0""","""0""","""12"""
11/06/2016,"""London Fields""","""Hackney Fixers""","""21""","""8""","""318.68""","""22.36""","""12""","""27""","""7""","""33"""
11/06/2016,"""P.za Madama Cristina, Turin""","""Restarters Torino""","""0""","""1""","""0""","""0""","""0""","""0""","""0""","""12"""
11/06/2016,""" Via Faentina, 43r, 50133 Firenze""","""Restarters Firenze""","""13""","""8""","""161.84""","""17.3""","""8""","""2""","""2""","""33"""
11/06/2016,"""Centro Metropolitano de Diseño - Barracas""","""Club de Reparadores""","""39""","""11""","""239.56""","""44.97""","""16""","""0""","""4""","""42"""
08/06/2016,"""Barcelona, Design week""","""Restarters Barcelona""","""0""","""1""","""40.9""","""5.2""","""2""","""3""","""2""","""12"""
06/06/2016,"""Stratford Library, The Grove, Stratford, London, E15 1EL""","""Restarters East London""","""14""","""6""","""490.38""","""10.41""","""7""","""4""","""3""","""27"""
05/06/2016,"""Festival Ministerios de Ambiente y Desarrollo Sustentable de Nación - Bernal""","""Club de Reparadores""","""23""","""6""","""4.29""","""2.14""","""3""","""0""","""1""","""27"""
29/05/2016,"""P.za Carlo Alberto, Turin""","""Restarters Torino""","""5""","""4""","""385.46""","""14.21""","""4""","""1""","""0""","""21"""
28/05/2016,"""Barcelona, Festa Verde""","""Restarters Barcelona""","""0""","""1""","""27.84""","""3.1""","""3""","""3""","""1""","""12"""
25/05/2016,"""Hornchurch Library, Havering""","""Restarters East London""","""14""","""5""","""315.83""","""26.21""","""10""","""3""","""6""","""24"""
25/05/2016,"""33 Central Park West, New York, NY 10025""","""Restart Center ECFS""","""70""","""5""","""9038.75""","""158.2""","""70""","""0""","""0""","""24"""
22/05/2016,"""MRF,Turin""","""Restarters Torino""","""0""","""5""","""0""","""0""","""0""","""0""","""0""","""24"""
22/05/2016,"""Novello, CN, Italia""","""Restarters LangheRoero""","""9""","""5""","""181.94""","""13.03""","""5""","""3""","""1""","""24"""
21/05/2016,"""The Ideas Hub, Market Road,  Chelmsford""","""Sponsored events""","""5""","""5""","""116.83""","""22.4""","""7""","""1""","""0""","""24"""
18/05/2016,"""Basil Jellicoe Hall""","""Restart HQ""","""35""","""6""","""651.08""","""14.75""","""11""","""11""","""2""","""27"""
14/05/2016,"""Leicester Hackspace""","""Leicester Fixers""","""2""","""3""","""51.05""","""10.05""","""2""","""3""","""0""","""18"""
14/05/2016,"""Shacklewell School""","""Hackney Fixers""","""21""","""9""","""530.54""","""22.65""","""11""","""14""","""6""","""36"""
14/05/2016,"""Milan, via Cuccagna 2/4""","""Restarters Milano""","""8""","""4""","""17.91""","""0.14""","""1""","""0""","""0""","""21"""
14/05/2016,"""Vinovo, CN, Italia""","""Restarters LangheRoero""","""6""","""5""","""149.46""","""6.84""","""4""","""2""","""1""","""24"""
07/05/2016,"""Val di Pesa Via Roma, 37, 50026 San Casciano in Val di Pesa (FI)""","""Restarters Firenze""","""12""","""8""","""57""","""6.91""","""7""","""0""","""5""","""33"""
30/04/2016,"""Alba, CN, Italia""","""Restarters LangheRoero""","""7""","""5""","""689.65""","""25.32""","""5""","""1""","""1""","""24"""
30/04/2016,"""Universidad Libre del Ambiente - Córdoba""","""Club de Reparadores""","""20""","""5""","""81.5""","""20.09""","""9""","""1""","""3""","""24"""
21/04/2016,"""3901 Fieldston Road, Bronx, NY 10471""","""Restart Center ECFS""","""12""","""11""","""286.01""","""3.82""","""13""","""0""","""0""","""42"""
20/04/2016,"""South London Makerspace""","""Restart HQ""","""29""","""7""","""159.23""","""7.26""","""7""","""5""","""1""","""30"""
17/04/2016,"""Milano, viale Bligny 42""","""Restarters Milano""","""11""","""6""","""353.5""","""18.1""","""7""","""0""","""1""","""27"""
16/04/2016,"""Via Palazzuolo, 8, 50123 Firenze""","""Restarters Firenze""","""8""","""10""","""304.28""","""38.35""","""7""","""0""","""2""","""39"""
15/04/2016,"""Victoria and Albert Museum, Cromwell Road, London, SW7 2RL""","""Sponsored events""","""12""","""3""","""33.85""","""1.47""","""3""","""4""","""3""","""18"""
13/04/2016,"""Kentish Town Community Centre""","""Restart HQ""","""25""","""7""","""9.44""","""1.19""","""1""","""12""","""3""","""30"""
09/04/2016,"""Leicester Hackspace""","""Leicester Fixers""","""10""","""8""","""368.74""","""33.11""","""7""","""10""","""0""","""33"""
09/04/2016,"""Dalston CLR James Library""","""Hackney Fixers""","""30""","""9""","""164.97""","""8.97""","""14""","""15""","""8""","""36"""
09/04/2016,"""CheLA - Parque Patricios""","""Club de Reparadores""","""34""","""11""","""68.26""","""20.2""","""16""","""0""","""1""","""42"""
29/03/2016,"""Primrose Hill Community Centre""","""Restart HQ""","""35""","""10""","""543.8""","""28.7""","""11""","""7""","""3""","""39"""
21/03/2016,"""Dwaynamics""","""Restart HQ""","""34""","""5""","""208.17""","""3.9""","""8""","""6""","""2""","""24"""
20/03/2016,"""Espace Populaire - Aosta via Mochet, 7""","""Restarters Aosta""","""11""","""6""","""491.05""","""81.2""","""7""","""2""","""3""","""27"""
16/03/2016,"""TripAdvisor""","""Sponsored events""","""12""","""5""","""260.65""","""4.71""","""8""","""3""","""0""","""24"""
12/03/2016,"""Arcola Theatre, 24 Ashwin St., London E8 3DL""","""Hackney Fixers""","""20""","""10""","""162.6""","""3.51""","""4""","""21""","""0""","""39"""
10/03/2016,"""Ethical Culture Fieldston School""","""Restart Center ECFS""","""7""","""11""","""161.34""","""1.35""","""7""","""0""","""0""","""42"""
05/03/2016,"""Leicester Hackspace""","""Leicester Fixers""","""10""","""10""","""134.14""","""23.95""","""5""","""4""","""1""","""39"""
05/03/2016,""" Piazza Etrusca, 5, 50061 Compiobbi (FI) ""","""Restarters Firenze""","""22""","""9""","""905.31""","""93.75""","""22""","""0""","""3""","""36"""
04/03/2016,"""London's City Hall""","""Sponsored events""","""45""","""4""","""916.75""","""13.93""","""15""","""9""","""4""","""21"""
29/02/2016,"""3901 Fieldston Road, Bronx, NY 10471""","""Restart Center ECFS""","""4""","""8""","""215.13""","""3.18""","""4""","""0""","""0""","""33"""
25/02/2016,"""Barcelona, Hangar""","""Restarters Barcelona""","""0""","""1""","""147.47""","""25.34""","""8""","""3""","""2""","""12"""
23/02/2016,"""Barcelona, Mobile Social Congress 2016""","""Restarters Barcelona""","""0""","""1""","""560.22""","""12.02""","""7""","""5""","""2""","""12"""
20/02/2016,"""Tooting""","""Restart HQ""","""35""","""8""","""135.47""","""17.73""","""11""","""10""","""5""","""33"""
14/02/2016,"""Centro Cultural Matienzo - Villa Crespo""","""Club de Reparadores""","""62""","""6""","""162.89""","""40.18""","""16""","""0""","""5""","""27"""
10/02/2016,"""Kentish Town Community Centre""","""Restart HQ""","""32""","""9""","""414.03""","""27.65""","""10""","""3""","""4""","""36"""
08/02/2016,"""Fab Lab Bariloche ""","""Club de Reparadores""","""0""","""1""","""9.03""","""0.72""","""2""","""0""","""1""","""12"""
06/02/2016,"""Chiesa Valdese di Milano, via Sforza 12/a Milano""","""Restarters Milano""","""15""","""11""","""730.69""","""76.69""","""17""","""0""","""1""","""42"""
31/01/2016,"""3901 Fieldston Road, Bronx, NY 10471""","""Restart Center ECFS""","""9""","""11""","""143.28""","""1.12""","""8""","""0""","""1""","""42"""
25/01/2016,"""Abbey Community Centre""","""Restart HQ""","""25""","""6""","""456.34""","""24.17""","""9""","""5""","""4""","""27"""
23/01/2016,"""Leicester Hackspace""","""Leicester Fixers""","""4""","""8""","""7.9""","""2.7""","""1""","""3""","""0""","""33"""
23/01/2016,"""Redmond Centre""","""Hackney Fixers""","""28""","""12""","""371.81""","""37.29""","""17""","""13""","""5""","""45"""
18/01/2016,"""Queen's College, Cambridge University""","""Sponsored events""","""15""","""3""","""317.37""","""36""","""2""","""1""","""0""","""18"""
16/01/2016,"""Via S. Romano, 1, 50135 Firenze""","""Restarters Firenze""","""18""","""7""","""407.65""","""33.33""","""10""","""0""","""7""","""30"""
11/01/2016,"""Brixton Pound Store""","""Restart HQ""","""33""","""8""","""447.87""","""17.78""","""9""","""8""","""1""","""33"""
24/12/2015,"""3901 Fieldston Road, Bronx, NY 10471""","""Restart Center ECFS""","""10""","""11""","""322.59""","""4.02""","""10""","""0""","""0""","""42"""
20/12/2015,"""Bra, CN, Italia""","""Restarters LangheRoero""","""9""","""5""","""165.67""","""5.7""","""7""","""2""","""0""","""24"""
19/12/2015,"""Piu' Spazio Quattro, Turin""","""Restarters Torino""","""0""","""1""","""0""","""0""","""0""","""0""","""0""","""12"""
19/12/2015,"""Barcelona, Design market""","""Restarters Barcelona""","""0""","""1""","""24.45""","""4.22""","""5""","""6""","""0""","""12"""
15/12/2015,"""Kentish Town Community Centre""","""Restart HQ""","""35""","""12""","""517.87""","""11.83""","""7""","""10""","""3""","""45"""
12/12/2015,"""Leicester Hackspace""","""Leicester Fixers""","""5""","""6""","""124.41""","""12.43""","""4""","""3""","""0""","""27"""
05/12/2015,"""Via Vittorio Emanuele II, 135, 50134 Firenze""","""Restarters Firenze""","""20""","""8""","""135.93""","""11.47""","""9""","""1""","""6""","""33"""
01/12/2015,"""Imperial College London""","""Sponsored events""","""40""","""3""","""1012.39""","""20""","""15""","""8""","""0""","""18"""
29/11/2015,"""Artizan Street Library""","""Sponsored events""","""0""","""1""","""0""","""0""","""0""","""0""","""0""","""12"""
28/11/2015,"""Holy Trinity Church, Tulse Hill""","""Restart HQ""","""32""","""5""","""907.9""","""45.16""","""14""","""7""","""6""","""24"""
28/11/2015,"""Piu' Spazio Quattro, Turin""","""Restarters Torino""","""0""","""1""","""0""","""0""","""0""","""0""","""0""","""12"""
28/11/2015,"""Via dell’Agnolo, 1/D, 50122 Firenze""","""Restarters Firenze""","""11""","""7""","""194.31""","""10.81""","""7""","""0""","""3""","""30"""
22/11/2015,"""Via CImaros, Turin""","""Restarters Torino""","""0""","""1""","""0""","""0""","""0""","""0""","""0""","""12"""
21/11/2015,"""St Mark's Dalston""","""Hackney Fixers""","""46""","""12""","""760""","""66.66""","""27""","""18""","""10""","""45"""
14/11/2015,"""Via Panciatichi, 10-14, 50141 Firenze""","""Restarters Firenze""","""2""","""5""","""17.91""","""0.14""","""1""","""1""","""0""","""24"""
31/10/2015,"""Friends Meeting House, Leicester""","""Leicester Fixers""","""73""","""13""","""222.99""","""33.81""","""9""","""21""","""3""","""48"""
31/10/2015,"""Piazzale Corvetto Milano""","""Restarters Milano""","""15""","""8""","""439.26""","""40.27""","""9""","""2""","""3""","""33"""
31/10/2015,"""Alba, CN, Italia""","""Restarters LangheRoero""","""7""","""4""","""87.59""","""6.05""","""4""","""3""","""1""","""21"""
20/10/2015,"""Remakery""","""Restart HQ""","""24""","""8""","""782.03""","""29.25""","""11""","""3""","""0""","""33"""
17/10/2015,"""Lingotto Fiere, Torino""","""Restarters Torino""","""0""","""1""","""0""","""0""","""0""","""0""","""0""","""12"""
11/10/2015,"""Via Santa Reparata, 12, 50129 Firenze""","""Restarters Firenze""","""18""","""8""","""216.25""","""40.8""","""12""","""0""","""0""","""33"""
10/10/2015,"""Gayton Library""","""Restarters West London""","""17""","""5""","""108.29""","""7.51""","""5""","""8""","""1""","""24"""
07/10/2015,"""Harold Hill Salvation Army""","""Restarters East London""","""0""","""1""","""0""","""0""","""0""","""0""","""0""","""12"""
05/10/2015,"""Kentish Town Community Centre""","""Restart HQ""","""24""","""6""","""129.13""","""2.26""","""1""","""0""","""0""","""27"""
03/10/2015,"""Barcelona, Aula Ambiental Sagrada Familia""","""Restarters Barcelona""","""0""","""1""","""514.98""","""30.18""","""13""","""5""","""8""","""12"""
27/09/2015,"""Ponte Amedeo IX Il Beato, Parco Dora, Torino""","""Restarters Torino""","""7""","""4""","""174.33""","""11.28""","""6""","""1""","""0""","""21"""
27/09/2015,"""Alba, CN, Italia""","""Restarters LangheRoero""","""9""","""5""","""314.16""","""5.29""","""4""","""3""","""1""","""24"""
26/09/2015,"""Tooting""","""Restart HQ""","""20""","""3""","""474.26""","""9.79""","""5""","""6""","""1""","""18"""
26/09/2015,"""leicester hackspace""","""Leicester Fixers""","""4""","""5""","""74.99""","""11.55""","""3""","""2""","""0""","""24"""
26/09/2015,"""Grazebrook School""","""Hackney Fixers""","""15""","""7""","""723.36""","""18.86""","""8""","""13""","""2""","""30"""
19/09/2015,"""Pavillions Shopping Centre""","""Restarters West London""","""14""","""8""","""205.5""","""18.76""","""6""","""3""","""2""","""33"""
08/09/2015,"""The Old Laundry, Kings Cross""","""Restart HQ""","""23""","""8""","""494.19""","""10.19""","""8""","""3""","""4""","""33"""
05/09/2015,"""Via Enrico Forlanini 1 Firenze""","""Restarters Firenze""","""20""","""9""","""88.36""","""18.69""","""7""","""1""","""2""","""36"""
23/08/2015,"""Remakery""","""Restart HQ""","""28""","""7""","""799.08""","""21.78""","""13""","""3""","""2""","""30"""
22/08/2015,"""Leicester Hackspace""","""Leicester Fixers""","""10""","""4""","""65.9""","""7.2""","""4""","""2""","""0""","""21"""
11/08/2015,"""Kentish Town Community Centre""","""Restart HQ""","""30""","""8""","""759.54""","""26.9""","""11""","""5""","""3""","""33"""
25/07/2015,"""Gayton Library""","""Restarters West London""","""10""","""5""","""52.94""","""2.9""","""3""","""6""","""1""","""24"""
23/07/2015,"""Salvation Army, Romford, London""","""Restarters East London""","""26""","""6""","""238.84""","""11.24""","""7""","""5""","""7""","""27"""
18/07/2015,"""leicester hackspace""","""Leicester Fixers""","""5""","""7""","""208.77""","""16.06""","""5""","""0""","""0""","""30"""
12/07/2015,"""C.so Svizzera, Turin""","""Restarters Torino""","""0""","""1""","""0""","""0""","""0""","""0""","""0""","""12"""
11/07/2015,"""Tooting ""","""Restart HQ""","""26""","""6""","""487.85""","""45.93""","""12""","""6""","""0""","""27"""
11/07/2015,"""London Fields""","""Hackney Fixers""","""33""","""15""","""508.94""","""22.65""","""13""","""18""","""4""","""54"""
29/06/2015,"""Grafton Pub Camden ""","""Restart HQ""","""29""","""16""","""534.4""","""14.05""","""7""","""3""","""3""","""57"""
16/06/2015,"""The Machines Room""","""Hackney Fixers""","""3""","""4""","""12.5""","""1""","""1""","""2""","""0""","""21"""
14/06/2015,"""Colorno, PR, Italia""","""Restarters LangheRoero""","""3""","""4""","""54.75""","""10.9""","""1""","""2""","""0""","""21"""
06/06/2015,"""Istituto Comprensivo Barsanti, via Lunga 94, Firenze""","""Restarters Firenze""","""10""","""6""","""43.5""","""4.46""","""5""","""0""","""1""","""27"""
31/05/2015,"""Via Mont Pascal 35, Candiolo""","""Restarters Torino""","""0""","""1""","""0""","""0""","""0""","""0""","""0""","""12"""
28/05/2015,"""Hornchurch Library, London""","""Restarters East London""","""28""","""5""","""293.91""","""38.03""","""11""","""5""","""3""","""24"""
23/05/2015,"""Cuneo, CN, Italia""","""Restarters LangheRoero""","""7""","""5""","""2.03""","""0.26""","""1""","""2""","""0""","""24"""
16/05/2015,"""leicester hackspace""","""Leicester Fixers""","""3""","""4""","""76.92""","""11.42""","""4""","""2""","""0""","""21"""
09/05/2015,"""The Petchey Academy""","""Hackney Fixers""","""13""","""8""","""151.94""","""10.74""","""4""","""11""","""2""","""33"""
09/05/2015,"""Via dell'Agnolo 1/D, Firenze""","""Restarters Firenze""","""30""","""10""","""512.46""","""57.58""","""12""","""0""","""10""","""39"""
08/05/2015,"""Selfridges London""","""Sponsored events""","""0""","""1""","""0""","""0""","""0""","""0""","""0""","""12"""
05/05/2015,"""Athlone""","""Restart HQ""","""34""","""6""","""693.95""","""12.58""","""8""","""6""","""4""","""27"""
01/05/2015,"""Selfridges London""","""Sponsored events""","""25""","""4""","""92.04""","""4.26""","""8""","""5""","""2""","""21"""
26/04/2015,"""Turin""","""Restarters Torino""","""0""","""1""","""0""","""0""","""0""","""0""","""0""","""12"""
26/04/2015,"""Espace Populaire - Aosta via Mochet, 7""","""Restarters Aosta""","""12""","""7""","""571.71""","""75.06""","""9""","""2""","""1""","""30"""
25/04/2015,"""Tooting""","""Restart HQ""","""35""","""5""","""379.8""","""15.3""","""8""","""6""","""7""","""24"""
15/04/2015,"""Havering Town Hall""","""Restarters East London""","""16""","""5""","""266.15""","""7.22""","""3""","""0""","""2""","""24"""
12/04/2015,"""Corneliano d'Alba, CN, Italia""","""Restarters LangheRoero""","""8""","""5""","""2.26""","""0.88""","""1""","""2""","""1""","""24"""
12/04/2015,"""Milano""","""Restarters LangheRoero""","""10""","""4""","""286.37""","""5.41""","""3""","""0""","""1""","""21"""
07/04/2015,"""Kentish Town Community Centre""","""Restart HQ""","""30""","""6""","""435.28""","""34.61""","""9""","""5""","""5""","""27"""
28/03/2015,"""Biblioteca di Scandicci, via Roma 38, Scandicci""","""Restarters Firenze""","""25""","""7""","""215.5""","""31.69""","""13""","""0""","""7""","""30"""
21/03/2015,"""Holy Trinity""","""Restart HQ""","""22""","""7""","""198.4""","""14.43""","""4""","""2""","""6""","""30"""
21/03/2015,"""Kingsmead Community Center""","""Hackney Fixers""","""24""","""10""","""721.55""","""72.48""","""9""","""14""","""6""","""39"""
04/03/2015,"""Cinema Palestrina, Milano""","""Restarters Milano""","""5""","""5""","""20.5""","""7.78""","""1""","""1""","""1""","""24"""
03/03/2015,"""Roma""","""Restarters LangheRoero""","""4""","""2""","""71.09""","""2.14""","""1""","""1""","""0""","""15"""
01/03/2015,"""Cinema Colonna, Lungarno Ferrucci 23 Firenze""","""Restarters Firenze""","""20""","""8""","""46.18""","""5.26""","""7""","""0""","""8""","""33"""
28/02/2015,"""Spazio Yatta! Viale Pasubio 14, Milano""","""Restarters Milano""","""5""","""5""","""221.83""","""12.52""","""4""","""0""","""3""","""24"""
17/02/2015,"""Holloway""","""Restart HQ""","""19""","""6""","""75.24""","""13.06""","""5""","""1""","""5""","""27"""
14/02/2015,"""Tooting""","""Restart HQ""","""29""","""9""","""446.54""","""24.09""","""9""","""3""","""1""","""36"""
07/02/2015,"""Tunisie Vélorution Office""","""El Fabrika (Tunis) ""","""14""","""5""","""398.98""","""44""","""8""","""0""","""0""","""24"""
01/02/2015,"""Espace Populaire - Aosta va Mochet, 7""","""Restarters Aosta""","""23""","""9""","""551.37""","""84.12""","""14""","""8""","""2""","""36"""
24/01/2015,"""The Redmond Centre, Manor House""","""Hackney Fixers""","""27""","""12""","""601.53""","""42.89""","""13""","""16""","""1""","""45"""
24/01/2015,"""Circolo ARCI Isolotto, Via Cesare Maccari, 104, 50142 Firenze FI""","""Restarters Firenze""","""25""","""9""","""343.26""","""18.34""","""7""","""1""","""14""","""36"""
17/01/2015,"""Maison de L'Image. Tunis""","""El Fabrika (Tunis) ""","""18""","""5""","""330.76""","""13.64""","""7""","""1""","""0""","""24"""
14/01/2015,"""Steeles Pub""","""Restart HQ""","""34""","""13""","""235.31""","""23.65""","""8""","""5""","""4""","""48"""
13/12/2014,""" Librarie La Passion du Libr' ere Tunis""","""El Fabrika (Tunis) ""","""20""","""5""","""412.76""","""24.36""","""10""","""1""","""0""","""24"""
06/12/2014,"""Tooting""","""Restart HQ""","""25""","""12""","""514.57""","""19.64""","""9""","""3""","""1""","""45"""
29/11/2014,"""Via Martiri della Liberta', Turin""","""Restarters Torino""","""0""","""1""","""0""","""0""","""0""","""0""","""0""","""12"""
29/11/2014,"""Via dell’Agnolo, 1/D, 50122 Firenze""","""Restarters Firenze""","""20""","""6""","""139.01""","""17.27""","""9""","""0""","""11""","""27"""
27/11/2014,"""Dragon Hall""","""Restart HQ""","""20""","""14""","""339.44""","""15.98""","""6""","""2""","""1""","""51"""
22/11/2014,"""Arcola Theatre""","""Hackney Fixers""","""25""","""12""","""622.1""","""22.32""","""12""","""15""","""4""","""45"""
16/11/2014,"""via cherubini, turin""","""Restarters Torino""","""0""","""1""","""0""","""0""","""0""","""0""","""0""","""12"""
18/10/2014,"""Holy Trinity""","""Restart HQ""","""20""","""5""","""245.92""","""7.29""","""7""","""5""","""4""","""24"""
14/10/2014,"""Euston""","""Restart HQ""","""25""","""7""","""615.97""","""12.91""","""10""","""8""","""6""","""30"""
07/10/2014,"""Pixel Trade Office""","""El Fabrika (Tunis) ""","""6""","""2""","""154.17""","""6.99""","""4""","""0""","""0""","""15"""
05/10/2014,"""c.so Umbria, turin""","""Restarters Torino""","""0""","""1""","""0""","""0""","""0""","""0""","""0""","""12"""
05/10/2014,"""Piazza Mario Rapisardi, 6, 50019 Sesto Fiorentino (FI)""","""Restarters Firenze""","""13""","""7""","""205.55""","""18.22""","""8""","""1""","""4""","""30"""
27/09/2014,"""Kentish Town Community Centre""","""Restart HQ""","""25""","""9""","""1266.74""","""47.82""","""16""","""1""","""2""","""36"""
27/09/2014,"""Chiesa Valdese di Milano, via Sforza 12/a Milano""","""Restarters Milano""","""10""","""14""","""356.74""","""39.89""","""9""","""1""","""1""","""51"""
27/09/2014,"""Alba, CN, Italia""","""Restarters LangheRoero""","""0""","""1""","""0""","""0""","""0""","""0""","""0""","""12"""
20/09/2014,"""Morningside Community Centre""","""Hackney Fixers""","""24""","""12""","""316.39""","""15.46""","""9""","""13""","""6""","""45"""
13/09/2014,"""ATAC Office (Association Tunisienne d'Action pour le Cinéma)""","""El Fabrika (Tunis) ""","""8""","""3""","""249.87""","""25.38""","""6""","""0""","""0""","""18"""
09/09/2014,"""Tooting""","""Restart HQ""","""35""","""13""","""344.04""","""37.15""","""16""","""12""","""9""","""48"""
07/09/2014,"""p.za della vittoria, turin""","""Restarters Torino""","""0""","""1""","""0""","""0""","""0""","""0""","""0""","""12"""
07/09/2014,"""Cuneo, CN, Italia""","""Restarters LangheRoero""","""0""","""1""","""0""","""0""","""0""","""0""","""0""","""12"""
26/08/2014,"""Abbey Community Centre""","""Restart HQ""","""30""","""15""","""770.73""","""34.57""","""13""","""2""","""8""","""54"""
23/08/2014,"""Murazzi, Turin""","""Restarters Torino""","""0""","""1""","""0""","""0""","""0""","""0""","""0""","""12"""
09/08/2014,"""Al Bawsala Office (NGO)  ""","""El Fabrika (Tunis) ""","""5""","""2""","""193.31""","""14.35""","""3""","""2""","""0""","""15"""
29/07/2014,"""Bra, CN, Italia""","""Restarters LangheRoero""","""0""","""1""","""0""","""0""","""0""","""0""","""0""","""12"""
19/07/2014,"""Barolo, CN, Italia""","""Restarters LangheRoero""","""19""","""6""","""234""","""46.14""","""6""","""4""","""0""","""27"""
13/07/2014,"""Via Giachino 30, Turin""","""Restarters Torino""","""6""","""6""","""111.66""","""14.92""","""5""","""0""","""1""","""27"""
10/07/2014,"""Dartmouth Arms""","""Restart HQ""","""30""","""9""","""869.93""","""34.04""","""12""","""4""","""7""","""36"""
09/07/2014,"""Matera, PZ, italia""","""Restarters LangheRoero""","""7""","""2""","""0""","""0""","""0""","""1""","""1""","""15"""
08/07/2014,"""Matera, PZ, italia""","""Restarters LangheRoero""","""5""","""2""","""124.97""","""2.65""","""2""","""0""","""0""","""15"""
07/07/2014,"""Cuneo, CN, Italia""","""Restarters LangheRoero""","""0""","""1""","""0""","""0""","""0""","""0""","""0""","""12"""
28/06/2014,"""London Fields""","""Hackney Fixers""","""32""","""19""","""186.09""","""40.74""","""14""","""19""","""4""","""66"""
25/06/2014,"""LDN makerspace""","""Restart HQ""","""25""","""11""","""436.18""","""18.12""","""7""","""5""","""3""","""42"""
12/06/2014,"""Steeles Pub""","""Restart HQ""","""40""","""14""","""615.23""","""10.55""","""9""","""6""","""5""","""51"""
07/06/2014,"""Cogite Coworking Space""","""El Fabrika (Tunis) ""","""6""","""3""","""250.43""","""24.45""","""6""","""0""","""0""","""18"""
25/05/2014,"""LDN makerspace""","""Restart HQ""","""25""","""0""","""368.93""","""6.56""","""8""","""4""","""7""","""21"""
24/05/2014,"""Savigliano, CN, Italia""","""Restarters LangheRoero""","""0""","""1""","""0""","""0""","""0""","""0""","""0""","""12"""
18/05/2014,"""via Oddino Morgari 14, Torino""","""Restarters Torino""","""10""","""4""","""297.67""","""23.03""","""5""","""5""","""1""","""21"""
10/05/2014,"""Via dell’Agnolo, 1/D, 50122 Firenze""","""Restarters Firenze""","""8""","""8""","""59.98""","""3.64""","""3""","""0""","""5""","""33"""
10/05/2014,"""El Teatro. Tunis""","""El Fabrika (Tunis) ""","""18""","""5""","""519.71""","""20.4""","""8""","""1""","""1""","""24"""
06/05/2014,"""Athlone Community Hall""","""Restart HQ""","""30""","""10""","""543.53""","""29.97""","""10""","""9""","""5""","""39"""
30/04/2014,"""Southwyck House""","""Restart HQ""","""25""","""8""","""642.47""","""24.34""","""8""","""11""","""5""","""33"""
12/04/2014,"""Abney Park""","""Hackney Fixers""","""20""","""7""","""621.23""","""12.57""","""15""","""14""","""5""","""30"""
12/04/2014,"""Centre Culturel Rihet Lebled. Monfleury. Tunis""","""El Fabrika (Tunis) ""","""13""","""5""","""443.22""","""28.83""","""9""","""0""","""0""","""24"""
29/03/2014,"""Kentish Town Community Centre""","""Restart HQ""","""25""","""0""","""407.79""","""19.42""","""7""","""5""","""8""","""21"""
29/03/2014,"""Via Marsuppini, 9, 50125 Firenze""","""Restarters Firenze""","""20""","""7""","""564.97""","""21.43""","""11""","""0""","""5""","""30"""
08/03/2014,"""Effra Social""","""Restart HQ""","""40""","""0""","""502.85""","""19.41""","""9""","""7""","""15""","""21"""
08/03/2014,"""Café Culturel Whatever Saloon""","""El Fabrika (Tunis) ""","""10""","""4""","""286.65""","""17.09""","""5""","""1""","""2""","""21"""
23/02/2014,"""via Errico Giachino 30, Torino""","""Restarters Torino""","""22""","""6""","""243.58""","""30.73""","""8""","""3""","""6""","""27"""
19/02/2014,"""Kentish Town Community Centre""","""Restart HQ""","""40""","""0""","""1018.9""","""34.68""","""17""","""8""","""17""","""21"""
08/02/2014,"""Alba, CN, Italia""","""Restarters LangheRoero""","""0""","""1""","""0""","""0""","""0""","""0""","""0""","""12"""
08/02/2014,"""Café Liber'thé. Tunis""","""El Fabrika (Tunis) ""","""9""","""5""","""1373.4""","""126.78""","""6""","""1""","""2""","""24"""
01/02/2014,"""The Redmond Centre, Manor House""","""Hackney Fixers""","""23""","""8""","""423.38""","""12.82""","""12""","""19""","""1""","""33"""
29/01/2014,"""Southwyck House""","""Restart HQ""","""30""","""0""","""508.4""","""21.57""","""13""","""0""","""6""","""21"""
25/01/2014,"""Castlehaven""","""Restart HQ""","""30""","""0""","""334.18""","""15.29""","""11""","""2""","""14""","""21"""
18/01/2014,"""Centre des Arts Vivants de Radès""","""El Fabrika (Tunis) ""","""10""","""4""","""297.45""","""16.62""","""6""","""1""","""0""","""21"""
15/12/2013,"""Steeles Pub""","""Restart HQ""","""30""","""0""","""491.16""","""19.46""","""10""","""3""","""5""","""21"""
14/12/2013,"""Ciné Mad'Art. Carthage Dermech""","""El Fabrika (Tunis) ""","""12""","""4""","""1026.83""","""116.39""","""6""","""1""","""0""","""21"""
07/12/2013,"""Southwyck House""","""Restart HQ""","""25""","""0""","""632.6""","""30.45""","""8""","""5""","""4""","""21"""
24/11/2013,"""Stecca degli artigiano Via G. De Castillia, 26, 20124 Milano MI""","""Restarters Milano""","""25""","""9""","""518.48""","""35.49""","""7""","""1""","""1""","""36"""
16/11/2013,"""Passing Clouds""","""Hackney Fixers""","""23""","""8""","""561.37""","""24.06""","""10""","""23""","""0""","""33"""
16/11/2013,"""Bra, CN, Italia""","""Restarters LangheRoero""","""0""","""1""","""0""","""0""","""0""","""0""","""0""","""12"""
12/11/2013,"""Heath St Church""","""Restart HQ""","""25""","""0""","""717.48""","""52.48""","""8""","""4""","""4""","""21"""
10/11/2013,"""St Matthews""","""Restart HQ""","""25""","""0""","""472.39""","""44.53""","""8""","""2""","""4""","""21"""
19/10/2013,"""Firebox Cafe""","""Restart HQ""","""30""","""0""","""597.52""","""23.09""","""9""","""7""","""13""","""21"""
26/09/2013,"""Heath St Church""","""Restart HQ""","""25""","""0""","""189.23""","""16.4""","""6""","""2""","""9""","""21"""
14/09/2013,"""Arcola Theatre""","""Restart HQ""","""25""","""0""","""770.7""","""44.86""","""10""","""6""","""8""","""21"""
18/08/2013,"""Hackerspace""","""Restart HQ""","""35""","""0""","""423.24""","""32.03""","""7""","""6""","""18""","""21"""
10/08/2013,"""Makerfaire Manchester""","""Restart HQ""","""10""","""3""","""142.16""","""7.45""","""7""","""2""","""3""","""18"""
31/07/2013,"""Belsize Library""","""Restart HQ""","""45""","""0""","""195.34""","""15.61""","""5""","""18""","""13""","""21"""
06/07/2013,"""ECMMF""","""Restart HQ""","""20""","""0""","""284.36""","""21.19""","""4""","""2""","""6""","""21"""
19/06/2013,"""#Futuremaker""","""Restart HQ""","""15""","""4""","""116""","""21.95""","""3""","""2""","""4""","""21"""
08/06/2013,"""Goldsmiths University""","""Restart HQ""","""7""","""3""","""81.61""","""9""","""1""","""0""","""0""","""18"""
08/06/2013,"""Goodlife Centre""","""Restart HQ""","""73""","""3""","""0""","""1""","""1""","""0""","""0""","""18"""
04/06/2013,"""Camden Town Shed""","""Restart HQ""","""7""","""3""","""81.61""","""9""","""1""","""0""","""0""","""18"""
19/05/2013,"""Herne Hill Market""","""Restart HQ""","""10""","""3""","""108.81""","""12""","""1""","""0""","""0""","""18"""
01/05/2013,"""3space Blackfriars""","""Restart HQ""","""10""","""3""","""108.81""","""12""","""1""","""0""","""0""","""18"""
27/04/2013,"""Mini Makerfaire London""","""Restart HQ""","""16""","""3""","""181.35""","""20""","""1""","""0""","""0""","""18"""
25/04/2013,"""London College of Communication""","""Restart HQ""","""16""","""3""","""181.35""","""20""","""1""","""0""","""0""","""18"""
06/04/2013,"""Dartmouth Park ""","""Restart HQ""","""16""","""3""","""181.35""","""20""","""1""","""0""","""0""","""18"""
16/03/2013,"""Sutton""","""Restart HQ""","""7""","""3""","""81.61""","""9""","""1""","""0""","""0""","""18"""
07/03/2013,"""Central Saint Martins""","""Restart HQ""","""16""","""3""","""181.35""","""20""","""1""","""0""","""0""","""18"""
05/03/2013,"""Primrose Hill Community Centre""","""Restart HQ""","""16""","""3""","""181.35""","""20""","""1""","""0""","""0""","""18"""
10/02/2013,"""Goodlife Centre""","""Restart HQ""","""16""","""3""","""181.35""","""20""","""1""","""0""","""0""","""18"""
02/02/2013,"""Brightsparks""","""Restart HQ""","""7""","""3""","""81.61""","""9""","""1""","""0""","""0""","""18"""
26/01/2013,"""Good for Nothing""","""Restart HQ""","""10""","""3""","""108.81""","""12""","""1""","""0""","""0""","""18"""
23/01/2013,"""Transition Town Brixton""","""Restart HQ""","""7""","""3""","""81.61""","""9""","""1""","""0""","""0""","""18"""
16/12/2012,"""Sunshine Int'l Arts Cafe""","""Restart HQ""","""16""","""3""","""181.35""","""20""","""1""","""0""","""0""","""18"""
15/12/2012,"""Belsize Library""","""Restart HQ""","""10""","""3""","""108.81""","""12""","""1""","""0""","""0""","""18"""
08/12/2012,"""Willesden Green Library""","""Restart HQ""","""10""","""3""","""108.81""","""12""","""1""","""0""","""0""","""18"""
03/11/2012,"""Goodlife Centre""","""Restart HQ""","""16""","""3""","""181.35""","""20""","""1""","""0""","""0""","""18"""
20/10/2012,"""Swiss Cottage Library""","""Restart HQ""","""16""","""3""","""181.35""","""20""","""1""","""0""","""0""","""18"""
18/10/2012,"""Transition Town Brixton""","""Restart HQ""","""16""","""3""","""181.35""","""20""","""1""","""0""","""0""","""18"""
10/10/2012,"""Willesden Green Library""","""Restart HQ""","""7""","""3""","""81.61""","""9""","""1""","""0""","""0""","""18"""
30/09/2012,"""Goodlife Centre""","""Restart HQ""","""10""","""3""","""108.81""","""12""","""1""","""0""","""0""","""18"""
14/08/2012,"""Belsize Library""","""Restart HQ""","""16""","""3""","""181.35""","""20""","""1""","""0""","""0""","""18"""
11/07/2012,"""Belsize Library""","""Restart HQ""","""16""","""3""","""181.35""","""20""","""1""","""0""","""0""","""18"""
21/06/2012,"""Hoxton Square, London""","""Restart HQ""","""7""","""3""","""81.61""","""9""","""1""","""0""","""0""","""18"""
12/06/2012,"""Magdala Pub""","""Restart HQ""","""16""","""3""","""181.35""","""20""","""1""","""0""","""0""","""18"""
01/01/1970,"""""","""Restarters Kilburn""","""0""","""1""","""0""","""0""","""0""","""0""","""0""","""12"""
01/01/1970,"""""","""Restarters LangheRoero""","""0""","""1""","""0""","""0""","""0""","""0""","""0""","""12"""
01/01/1970,"""""","""Club de Reparadores""","""0""","""1""","""0""","""0""","""0""","""0""","""0""","""12"""
01/01/1970,"""""","""El Fabrika (Tunis) ""","""0""","""1""","""0""","""0""","""0""","""0""","""0""","""12"""
